date,day,theme,headline,image_brief,image_filename,caption,hashtags,cta
2026-09-07,Monday,residential_security,"Your Home, Guarded Around the Clock",Photo of a Difesa guard at an apartment/gated community entrance or gate,2026-09-07.jpg,"Home should be the one place you never have to worry. Difesa's residential security teams are background-verified, professionally trained, and on duty 24/7 — for apartment complexes, gated communities, and individual homes alike.",#DifesaSecurity #Bengaluru #SafetyFirst #PrivateSecurity #SecurityServices #TrainedGuards,Get a Free Quote
2026-09-09,Wednesday,why_choose_difesa,ISO 9001:2015 Certified Since 2007,"Photo/graphic of ISO certificate, guard team lineup, or Google review screenshot (with permission)",2026-09-09.jpg,"Trust isn't claimed, it's earned. Difesa has been ISO 9001:2015 certified since 2007, with 800+ trained security personnel and a 5.0-star Google rating from over 1,200 verified clients. That's what 'Real Protection. Real Trust.' actually looks like.",#DifesaSecurity #Bengaluru #SafetyFirst #PrivateSecurity #PeaceOfMind #TrustedSecurity,Talk to Our Team
2026-09-11,Friday,security_tip,"Small Habits, Fewer Security Gaps","Photo of CCTV monitoring, visitor log book, or guard checking ID at entrance",2026-09-11.jpg,"Security isn't just about guards at the gate — it's about the habits everyone follows. Small steps like verifying visitor IDs, logging deliveries, and checking blind spots on CCTV go a long way in closing security gaps.",#DifesaSecurity #Bengaluru #SafetyFirst #PrivateSecurity #SecurityServices #TrainedGuards,Learn More
2026-09-14,Monday,corporate_security,Professional Security for Professional Spaces,Photo of a guard at a corporate office lobby/reception desk,2026-09-14.jpg,"Your office deserves security that matches its standards. Difesa provides trained corporate security personnel who manage access control, visitor screening, and daily operations discreetly and professionally — so your team can focus on work.",#DifesaSecurity #Bengaluru #SafetyFirst #PrivateSecurity #SecurityServices #TrainedGuards,Get a Free Quote
2026-09-16,Wednesday,training_compliance,Trained Before Day One,Photo from a guard training session or briefing,2026-09-16.jpg,"Deployment only happens after background verification, physical training, and site-specific protocol briefings. It's why our clients trust us with everything from corporate campuses to hospitals.",#DifesaSecurity #Bengaluru #SafetyFirst #PrivateSecurity #SecurityServices #TrainedGuards,Learn More
2026-09-18,Friday,testimonial,98% of Our Clients Stay With Us,Screenshot of a real Google review (with permission) or a client site photo,2026-09-18.jpg,"Nothing means more than a client who stays. With a 98% repeat-client rate and a 5.0-star rating across 1,200+ reviews, our work speaks for itself. Thank you for trusting Difesa with what matters most.",#DifesaSecurity #Bengaluru #SafetyFirst #PrivateSecurity #PeaceOfMind #TrustedSecurity,Read Our Reviews
2026-09-21,Monday,industrial_security,Securing Karnataka's Industrial Backbone,Photo of a guard at a factory/industrial site gate or perimeter,2026-09-21.jpg,"Factories and industrial units carry risks that need specialised handling — perimeter security, shift-based access control, and asset protection. Difesa's industrial security teams are trained specifically for these environments.",#DifesaSecurity #Bengaluru #SafetyFirst #PrivateSecurity #SecurityServices #TrainedGuards,Get a Free Quote
2026-09-23,Wednesday,facility_housekeeping,Clean Spaces Are Safe Spaces,Photo of housekeeping staff at work in a client facility,2026-09-23.jpg,"Security and cleanliness go hand in hand. Beyond guarding, Difesa's facility management team handles housekeeping and deep cleaning for corporate offices, residential complexes, and institutions — one vendor, complete peace of mind.",#DifesaSecurity #Bengaluru #SafetyFirst #PrivateSecurity #FacilityManagement #Housekeeping,Ask About Facility Management
2026-09-25,Friday,security_tip,"Small Habits, Fewer Security Gaps","Photo of CCTV monitoring, visitor log book, or guard checking ID at entrance",2026-09-25.jpg,"Security isn't just about guards at the gate — it's about the habits everyone follows. Small steps like verifying visitor IDs, logging deliveries, and checking blind spots on CCTV go a long way in closing security gaps.",#DifesaSecurity #Bengaluru #SafetyFirst #PrivateSecurity #SecurityServices #TrainedGuards,Learn More
2026-09-28,Monday,school_security,Protecting What Matters Most,Photo of a guard at a school/college gate or campus entrance,2026-09-28.jpg,"There's no compromise when it comes to the safety of students and staff. Difesa provides background-verified security personnel trained specifically for school and campus environments — visitor screening, entry-exit control, and emergency readiness included.",#DifesaSecurity #Bengaluru #SafetyFirst #PrivateSecurity #SecurityServices #TrainedGuards,Get a Free Quote
2026-09-30,Wednesday,event_security,"Every Event, Fully Secured","Photo of guards managing an event, entrance, or crowd",2026-09-30.jpg,"From corporate events to large public gatherings, Difesa's event security teams manage crowd flow, access control, and emergency response — so your event runs smoothly from start to finish.",#DifesaSecurity #Bengaluru #SafetyFirst #PrivateSecurity #SecurityServices #TrainedGuards,Plan Your Event Security
2026-10-02,Friday,why_choose_difesa,ISO 9001:2015 Certified Since 2007,"Photo/graphic of ISO certificate, guard team lineup, or Google review screenshot (with permission)",2026-10-02.jpg,"Trust isn't claimed, it's earned. Difesa has been ISO 9001:2015 certified since 2007, with 800+ trained security personnel and a 5.0-star Google rating from over 1,200 verified clients. That's what 'Real Protection. Real Trust.' actually looks like.",#DifesaSecurity #Bengaluru #SafetyFirst #PrivateSecurity #PeaceOfMind #TrustedSecurity,Talk to Our Team
2026-10-05,Monday,hospital_security,"Calm, Trained Security for Critical Spaces",Photo of a guard at a hospital entrance or reception,2026-10-05.jpg,"Hospitals need security that's alert but never intrusive. Difesa's healthcare security personnel are trained to manage visitor flow, protect sensitive areas, and respond quickly — while keeping the environment calm for patients and staff.",#DifesaSecurity #Bengaluru #SafetyFirst #PrivateSecurity #SecurityServices #TrainedGuards,Get a Free Quote
2026-10-07,Wednesday,facility_pest_control,"Complete Facility Care, One Partner",Photo of pest control technician/equipment at work,2026-10-07.jpg,"Managing a facility means more than guarding the gate. Difesa's facility management services include professional pest control — helping keep offices, residences, and institutions safe in every sense of the word.",#DifesaSecurity #Bengaluru #SafetyFirst #PrivateSecurity #FacilityManagement #Housekeeping,Ask About Facility Management
2026-10-09,Friday,security_tip,"Small Habits, Fewer Security Gaps","Photo of CCTV monitoring, visitor log book, or guard checking ID at entrance",2026-10-09.jpg,"Security isn't just about guards at the gate — it's about the habits everyone follows. Small steps like verifying visitor IDs, logging deliveries, and checking blind spots on CCTV go a long way in closing security gaps.",#DifesaSecurity #Bengaluru #SafetyFirst #PrivateSecurity #SecurityServices #TrainedGuards,Learn More
2026-10-12,Monday,mall_retail_security,"Safe Shopping, Every Single Day",Photo of a guard at a mall/retail entrance,2026-10-12.jpg,"Retail spaces need security that balances visibility with a welcoming atmosphere. Difesa provides trained personnel for malls and retail complexes — managing foot traffic, loss prevention, and emergency response.",#DifesaSecurity #Bengaluru #SafetyFirst #PrivateSecurity #SecurityServices #TrainedGuards,Get a Free Quote
2026-10-14,Wednesday,bodyguard_vip,Discreet. Professional. Always Alert.,"Photo of a bodyguard/close-protection personnel (posed, professional)",2026-10-14.jpg,"Personal security demands discretion and precision. Difesa's close-protection personnel are trained to operate seamlessly alongside you — alert, professional, and always a step ahead.",#DifesaSecurity #Bengaluru #SafetyFirst #PrivateSecurity #SecurityServices #TrainedGuards,Enquire Confidentially
2026-10-16,Friday,testimonial,98% of Our Clients Stay With Us,Screenshot of a real Google review (with permission) or a client site photo,2026-10-16.jpg,"Nothing means more than a client who stays. With a 98% repeat-client rate and a 5.0-star rating across 1,200+ reviews, our work speaks for itself. Thank you for trusting Difesa with what matters most.",#DifesaSecurity #Bengaluru #SafetyFirst #PrivateSecurity #PeaceOfMind #TrustedSecurity,Read Our Reviews
2026-10-19,Monday,hotel_resort_security,Hospitality Deserves Security That Doesn't Show,Photo of a guard at a hotel/resort lobby or entrance,2026-10-19.jpg,"Great hospitality security is felt, not seen. Difesa's hotel and resort security teams protect guests and staff while blending seamlessly into the experience your property is known for.",#DifesaSecurity #Bengaluru #SafetyFirst #PrivateSecurity #SecurityServices #TrainedGuards,Get a Free Quote
2026-10-21,Wednesday,vehicle_escort,"Secure Transit, Start to Finish",Photo of an escort vehicle or personnel accompanying a vehicle,2026-10-21.jpg,"Whether it's cash-in-transit, VIP movement, or valuable cargo, Difesa's vehicle escort teams ensure secure, monitored transit from origin to destination.",#DifesaSecurity #Bengaluru #SafetyFirst #PrivateSecurity #SecurityServices #TrainedGuards,Enquire Now
2026-10-23,Friday,security_tip,"Small Habits, Fewer Security Gaps","Photo of CCTV monitoring, visitor log book, or guard checking ID at entrance",2026-10-23.jpg,"Security isn't just about guards at the gate — it's about the habits everyone follows. Small steps like verifying visitor IDs, logging deliveries, and checking blind spots on CCTV go a long way in closing security gaps.",#DifesaSecurity #Bengaluru #SafetyFirst #PrivateSecurity #SecurityServices #TrainedGuards,Learn More
2026-10-26,Monday,construction_site_security,"Protecting Sites, Materials & People",Photo of a guard at a construction site entrance/perimeter,2026-10-26.jpg,"Construction sites carry real risk — theft, unauthorised access, and safety hazards. Difesa's site security teams manage perimeter control and material protection so your project stays on track.",#DifesaSecurity #Bengaluru #SafetyFirst #PrivateSecurity #SecurityServices #TrainedGuards,Get a Free Quote
2026-10-28,Wednesday,facility_garden,"Well-Kept Grounds, Well-Kept Trust",Photo of garden/landscape maintenance work at a client site,2026-10-28.jpg,A well-maintained property reflects well-maintained standards. Difesa's facility management team handles garden and landscape upkeep for residential and corporate clients — one more thing you don't have to manage yourself.,#DifesaSecurity #Bengaluru #SafetyFirst #PrivateSecurity #FacilityManagement #Housekeeping,Ask About Facility Management
2026-10-30,Friday,why_choose_difesa,ISO 9001:2015 Certified Since 2007,"Photo/graphic of ISO certificate, guard team lineup, or Google review screenshot (with permission)",2026-10-30.jpg,"Trust isn't claimed, it's earned. Difesa has been ISO 9001:2015 certified since 2007, with 800+ trained security personnel and a 5.0-star Google rating from over 1,200 verified clients. That's what 'Real Protection. Real Trust.' actually looks like.",#DifesaSecurity #Bengaluru #SafetyFirst #PrivateSecurity #PeaceOfMind #TrustedSecurity,Talk to Our Team
2026-11-02,Monday,it_park_security,Securing Bengaluru's Tech Corridors,Photo of a guard at an IT park/tech campus entrance,2026-11-02.jpg,"IT parks need layered security — perimeter control, badge-based access, and round-the-clock monitoring. Difesa's IT park security teams are trained for exactly this kind of high-footfall, high-value environment.",#DifesaSecurity #Bengaluru #SafetyFirst #PrivateSecurity #SecurityServices #TrainedGuards,Get a Free Quote
2026-11-04,Wednesday,warehouse_security,Guarding What Keeps Business Moving,Photo of a guard at a warehouse/logistics facility,2026-11-04.jpg,"Warehouses are high-value, high-risk environments. Difesa's warehouse security personnel manage access control, loading-bay monitoring, and inventory protection to keep your operations running without loss.",#DifesaSecurity #Bengaluru #SafetyFirst #PrivateSecurity #SecurityServices #TrainedGuards,Get a Free Quote
2026-11-06,Friday,security_tip,"Small Habits, Fewer Security Gaps","Photo of CCTV monitoring, visitor log book, or guard checking ID at entrance",2026-11-06.jpg,"Security isn't just about guards at the gate — it's about the habits everyone follows. Small steps like verifying visitor IDs, logging deliveries, and checking blind spots on CCTV go a long way in closing security gaps.",#DifesaSecurity #Bengaluru #SafetyFirst #PrivateSecurity #SecurityServices #TrainedGuards,Learn More
2026-11-09,Monday,gated_community_security,"Community Safety, Personally Managed",Photo of a guard at a gated community entrance/security cabin,2026-11-09.jpg,"A gated community is only as safe as the team guarding it. Difesa provides dedicated, background-verified personnel for residential layouts — visitor management, night patrols, and rapid response included.",#DifesaSecurity #Bengaluru #SafetyFirst #PrivateSecurity #SecurityServices #TrainedGuards,Get a Free Quote
2026-11-11,Wednesday,facility_waste_stp,"Complete Operations, One Vendor",Photo of facility operations/maintenance staff at work (STP or waste management area),2026-11-11.jpg,"Running a facility involves more than most people see — including waste management and sewage treatment plant (STP) operations. Difesa's facility management team handles it all, so your operations stay compliant and smooth.",#DifesaSecurity #Bengaluru #SafetyFirst #PrivateSecurity #FacilityManagement #Housekeeping,Ask About Facility Management
2026-11-13,Friday,testimonial,98% of Our Clients Stay With Us,Screenshot of a real Google review (with permission) or a client site photo,2026-11-13.jpg,"Nothing means more than a client who stays. With a 98% repeat-client rate and a 5.0-star rating across 1,200+ reviews, our work speaks for itself. Thank you for trusting Difesa with what matters most.",#DifesaSecurity #Bengaluru #SafetyFirst #PrivateSecurity #PeaceOfMind #TrustedSecurity,Read Our Reviews
2026-11-16,Monday,emergency_response_247,Ready Before You Need Us,Photo of guard at a monitoring/control desk or night-shift patrol,2026-11-16.jpg,"Emergencies don't wait for business hours, and neither do we. Difesa maintains 24/7 monitoring and rapid emergency response capability across every site we protect.",#DifesaSecurity #Bengaluru #SafetyFirst #PrivateSecurity #SecurityServices #TrainedGuards,Learn About Our Response Protocol
2026-11-18,Wednesday,facility_electrical_dg,Keeping the Lights (and Power) On,Photo of electrical/DG maintenance technician at work,2026-11-18.jpg,Uninterrupted operations depend on more than security — electrical systems and backup power need upkeep too. Difesa's facility management team handles electrical and DG set maintenance for clients who'd rather not manage it themselves.,#DifesaSecurity #Bengaluru #SafetyFirst #PrivateSecurity #FacilityManagement #Housekeeping,Ask About Facility Management
2026-11-20,Friday,security_tip,"Small Habits, Fewer Security Gaps","Photo of CCTV monitoring, visitor log book, or guard checking ID at entrance",2026-11-20.jpg,"Security isn't just about guards at the gate — it's about the habits everyone follows. Small steps like verifying visitor IDs, logging deliveries, and checking blind spots on CCTV go a long way in closing security gaps.",#DifesaSecurity #Bengaluru #SafetyFirst #PrivateSecurity #SecurityServices #TrainedGuards,Learn More
2026-11-23,Monday,festive_season_security,Celebrate Safely This Season,Photo of guards during a festive/high-footfall period at a client site,2026-11-23.jpg,"Festive seasons bring larger gatherings, more visitors, and higher footfall — and that calls for extra vigilance. Difesa scales up patrols and crowd management during peak seasons so your celebrations stay safe.",#DifesaSecurity #Bengaluru #SafetyFirst #PrivateSecurity #SecurityServices #TrainedGuards,Plan Ahead With Us
2026-11-25,Wednesday,corporate_security_deepdive,More Than Just a Guard at the Door,Photo of a security planning discussion or corporate site walkthrough,2026-11-25.jpg,"Corporate security is a system, not just a person at the entrance. Difesa builds customised plans around risk assessment, access control, and site-specific protocols — tailored to how your business actually operates.",#DifesaSecurity #Bengaluru #SafetyFirst #PrivateSecurity #SecurityServices #TrainedGuards,Request a Risk Assessment
2026-11-27,Friday,why_choose_difesa,ISO 9001:2015 Certified Since 2007,"Photo/graphic of ISO certificate, guard team lineup, or Google review screenshot (with permission)",2026-11-27.jpg,"Trust isn't claimed, it's earned. Difesa has been ISO 9001:2015 certified since 2007, with 800+ trained security personnel and a 5.0-star Google rating from over 1,200 verified clients. That's what 'Real Protection. Real Trust.' actually looks like.",#DifesaSecurity #Bengaluru #SafetyFirst #PrivateSecurity #PeaceOfMind #TrustedSecurity,Talk to Our Team
2026-11-30,Monday,year_end_recap,"Another Year of Real Protection, Real Trust","Photo of the Difesa team, or a collage-worthy site photo from this year",2026-11-30.jpg,"As the year winds down, we're grateful for every client who trusted us and every team member who showed up — day and night. Here's to another year of real protection and real trust.",#DifesaSecurity #Bengaluru #SafetyFirst #PrivateSecurity #SecurityServices #TrainedGuards,Thank You
2026-12-02,Wednesday,facility_water_treatment,"Water Treatment, Handled Right",Photo of water treatment plant/equipment at a client site,2026-12-02.jpg,"Clean, compliant water systems are easy to overlook — until something goes wrong. Difesa's facility management team handles water treatment operations for clients who want one less thing to manage.",#DifesaSecurity #Bengaluru #SafetyFirst #PrivateSecurity #FacilityManagement #Housekeeping,Ask About Facility Management
2026-12-04,Friday,free_quote_cta,Begin Your Journey to Complete Security,Photo of the Difesa team or a strong hero-style guard photo,2026-12-04.jpg,"Whatever you need protected — a home, an office, a factory, or an entire campus — Difesa builds a plan around it. Reach out today for a free consultation and quote.",#DifesaSecurity #Bengaluru #SafetyFirst #PrivateSecurity #SecurityServices #TrainedGuards,Get a Free Quote
